<?xml version="1.0" encoding="UTF-8" standalone="no"?>
<project default="javadoc">
    <target name="javadoc">
        <javadoc access="public" author="true" classpath="C:\Users\Daniel\.m2\repository\org\jvnet\staxex\stax-ex\1.8\stax-ex-1.8.jar;C:\Users\Daniel\.m2\repository\com\sun\xml\fastinfoset\FastInfoset\1.2.15\FastInfoset-1.2.15.jar;C:\Users\Daniel\.m2\repository\com\sun\faces\jsf-api\2.2.20\jsf-api-2.2.20.jar;C:\Users\Daniel\.m2\repository\org\javassist\javassist\3.24.0-GA\javassist-3.24.0-GA.jar;C:\Users\Daniel\.m2\repository\javax\servlet\javax.servlet-api\4.0.1\javax.servlet-api-4.0.1.jar;C:\Users\Daniel\.m2\repository\org\glassfish\jaxb\txw2\2.3.1\txw2-2.3.1.jar;C:\Users\Daniel\.m2\repository\org\jboss\spec\javax\transaction\jboss-transaction-api_1.2_spec\1.1.1.Final\jboss-transaction-api_1.2_spec-1.1.1.Final.jar;C:\Users\Daniel\.m2\repository\org\dom4j\dom4j\2.1.1\dom4j-2.1.1.jar;C:\Users\Daniel\.m2\repository\org\jboss\logging\jboss-logging\3.4.0.Final\jboss-logging-3.4.0.Final.jar;C:\Users\Daniel\.m2\repository\antlr\antlr\2.7.7\antlr-2.7.7.jar;C:\Users\Daniel\.m2\repository\org\hibernate\hibernate-core\5.4.3.Final\hibernate-core-5.4.3.Final.jar;C:\Users\Daniel\.m2\repository\org\primefaces\primefaces\8.0\primefaces-8.0.jar;target/test-classes;C:\Users\Daniel\.m2\repository\org\glassfish\jaxb\jaxb-runtime\2.3.1\jaxb-runtime-2.3.1.jar;C:\Users\Daniel\.m2\repository\javax\xml\bind\jaxb-api\2.3.1\jaxb-api-2.3.1.jar;C:\Users\Daniel\.m2\repository\org\hibernate\common\hibernate-commons-annotations\5.1.0.Final\hibernate-commons-annotations-5.1.0.Final.jar;C:\Users\Daniel\.m2\repository\mysql\mysql-connector-java\8.0.19\mysql-connector-java-8.0.19.jar;C:\Users\Daniel\.m2\repository\com\google\protobuf\protobuf-java\3.6.1\protobuf-java-3.6.1.jar;C:\Users\Daniel\.m2\repository\com\sun\faces\jsf-impl\2.2.20\jsf-impl-2.2.20.jar;C:\Users\Daniel\.m2\repository\net\bytebuddy\byte-buddy\1.9.10\byte-buddy-1.9.10.jar;C:\Users\Daniel\.m2\repository\javax\activation\javax.activation-api\1.2.0\javax.activation-api-1.2.0.jar;C:\Users\Daniel\.m2\repository\javax\persistence\javax.persistence-api\2.2\javax.persistence-api-2.2.jar;C:\Users\Daniel\.m2\repository\com\fasterxml\classmate\1.3.4\classmate-1.3.4.jar;C:\Users\Daniel\.m2\repository\org\jboss\jandex\2.0.5.Final\jandex-2.0.5.Final.jar;C:\Users\Daniel\.m2\repository\com\sun\istack\istack-commons-runtime\3.0.7\istack-commons-runtime-3.0.7.jar" destdir="doc" nodeprecated="false" nodeprecatedlist="false" noindex="false" nonavbar="false" notree="false" packagenames="br.com.testeif.model,br.com.testeif.controller,br.com.testeif.jpaUtilDAO,br.com.testeif.app" source="1.8" sourcepath="src/main/java;src/test/resources;src/main/resources;src/test/java" splitindex="true" use="true" version="true">
            <link href="jar:file:/C:/Users/Daniel/.m2/repository/com/google/protobuf/protobuf-java/3.6.1/protobuf-java-3.6.1-javadoc.jar!/"/>
            <link href="jar:file:/C:/Users/Daniel/.m2/repository/org/jvnet/staxex/stax-ex/1.8/stax-ex-1.8-javadoc.jar!/"/>
            <link href="jar:file:/C:/Users/Daniel/.m2/repository/org/hibernate/hibernate-core/5.4.3.Final/hibernate-core-5.4.3.Final-javadoc.jar!/"/>
            <link href="jar:file:/C:/Users/Daniel/.m2/repository/com/sun/faces/jsf-impl/2.2.20/jsf-impl-2.2.20-javadoc.jar!/"/>
            <link href="jar:file:/C:/Users/Daniel/.m2/repository/javax/servlet/javax.servlet-api/4.0.1/javax.servlet-api-4.0.1-javadoc.jar!/"/>
            <link href="jar:file:/C:/Users/Daniel/.m2/repository/com/fasterxml/classmate/1.3.4/classmate-1.3.4-javadoc.jar!/"/>
            <link href="jar:file:/C:/Users/Daniel/.m2/repository/com/sun/istack/istack-commons-runtime/3.0.7/istack-commons-runtime-3.0.7-javadoc.jar!/"/>
            <link href="jar:file:/C:/Users/Daniel/.m2/repository/org/dom4j/dom4j/2.1.1/dom4j-2.1.1-javadoc.jar!/"/>
            <link href="jar:file:/C:/Users/Daniel/.m2/repository/com/sun/faces/jsf-api/2.2.20/jsf-api-2.2.20-javadoc.jar!/"/>
            <link href="jar:file:/C:/Users/Daniel/.m2/repository/org/jboss/logging/jboss-logging/3.4.0.Final/jboss-logging-3.4.0.Final-javadoc.jar!/"/>
            <link href="http://docs.oracle.com/javase/8/javafx/api/"/>
            <link href="jar:file:/C:/Users/Daniel/.m2/repository/javax/activation/javax.activation-api/1.2.0/javax.activation-api-1.2.0-javadoc.jar!/"/>
            <link href="jar:file:/C:/Users/Daniel/.m2/repository/org/glassfish/jaxb/txw2/2.3.1/txw2-2.3.1-javadoc.jar!/"/>
            <link href="jar:file:/C:/Users/Daniel/.m2/repository/org/jboss/spec/javax/transaction/jboss-transaction-api_1.2_spec/1.1.1.Final/jboss-transaction-api_1.2_spec-1.1.1.Final-javadoc.jar!/"/>
            <link href="jar:file:/C:/Users/Daniel/.m2/repository/javax/persistence/javax.persistence-api/2.2/javax.persistence-api-2.2-javadoc.jar!/"/>
            <link href="jar:file:/C:/Users/Daniel/.m2/repository/javax/xml/bind/jaxb-api/2.3.1/jaxb-api-2.3.1-javadoc.jar!/"/>
            <link href="jar:file:/C:/Users/Daniel/.m2/repository/org/primefaces/primefaces/8.0/primefaces-8.0-javadoc.jar!/"/>
            <link href="https://docs.oracle.com/javase/8/docs/api/"/>
            <link href="jar:file:/C:/Users/Daniel/.m2/repository/com/sun/xml/fastinfoset/FastInfoset/1.2.15/FastInfoset-1.2.15-javadoc.jar!/"/>
            <link href="jar:file:/C:/Users/Daniel/.m2/repository/org/glassfish/jaxb/jaxb-runtime/2.3.1/jaxb-runtime-2.3.1-javadoc.jar!/"/>
            <link href="jar:file:/C:/Users/Daniel/.m2/repository/net/bytebuddy/byte-buddy/1.9.10/byte-buddy-1.9.10-javadoc.jar!/"/>
            <link href="jar:file:/C:/Users/Daniel/.m2/repository/org/javassist/javassist/3.24.0-GA/javassist-3.24.0-GA-javadoc.jar!/"/>
        </javadoc>
    </target>
</project>
